NAME,Course Code,Number of sections
1st Year,,
Alexander S. Cochanco,CC-102,4
Rodibelle F. Leona,CC-102,6
Marcelino S. Cerin III,IT-NET02,2
Randy R. Maliwat,IT-NET02,2
Jomasel G. Savellano,IT-NET02,2
Michelle Ann Mae G. Franco,IT-NET02,4
Rose Anne G. Cochanco,IT-WS01,4
Joana Marie C. Tolentino,IT-WS01,2
Ralph Angelo M. Julaton,IT-WS01,1
2nd Year,,
Leonylyn P. Bensi,CC-104,4
Apple Grace G. Oliveros,CC-104,1
Ruth Ann G. Santos,CC-104,2
Mary Geraldine S. Matillano,CC-104,5
John Phillip M. Medina,CC-104,2
Vanessa C. Pascual,CC-105,2
Cris Norman P. Olipas,CC-105,4
Mariah Nikka A. Bautista,CC-105,2
Justine Froi S. Galicia,CC-105,6
Ronaldin V. Bauat,IT-PF02,5
Michael E. Bensi,IT-PF02,4
Melgine M. Bauat,IT-PF02,5
Ruth G. Luciano,IT-HC101,4
Gloria M. Alcantara,IT-HC101,4
Angelito I. Cunanan Jr.,IT-HC101,1
Mariah Nikka A. Bautista,IT-HC101,5
Jodell R. Bulaclac,IT-MS02,1
Vanessa C. Pascual,IT-MS02,4
Joseph R. Del Carmen,IT-MS02,2
Ericson B. Dela Cruz,IT-MS02,7
3rd Year,,
Henry T. Roque,IT-IAS02,3
Christian Noli C. Tambio,IT-IAS02,4
Reychelle G. Nabong,IT-IAS02,4
Ralph Angelo M. Julaton,IT-IAS02,1
Michelle Ann Mae G. Franco,IT-IAS02,1
Leonylyn P. Bensi,IT-CAP01 (DST),1
Ruth G. Luciano,IT-CAP01 (DST),1
Gloria M. Alcantara,IT-CAP01 (NST),1
Nino G. Herrera,IT-CAP01 (NST),1
Randy R. Maliwat,IT-CAP01 (NST),1
Christian Noli C. Tambio,IT-CAP01 (NST),1
Prince Mert O. Nicolas,IT-CAP01 (NST),1
Ronald S. Santos,IT-CAP01 (NST),1
Alexander S. Cochanco,IT-CAP01 (WST)1 ,1
Rose Anne G. Cochanco,IT-CAP01 (WST)1 ,1
Reychelle G. Nabong,IT-CAP01 (WST)1 ,1
Cris Norman P. Olipas,IT-CAP01 (WST)1 ,1
Joana Marie C. Tolentino,IT-CAP01 (WST)1 ,1
Nino G. Herrera,IT-NET03,4
Racquel L. Pula,IT-NET03,2
Marcelino S. Cerin III,IT-NET04,3
Jev D. Corpuz,IT-NET04,3
Rosalie B. Sison,IT-NET05,1
Jefrain M. Padre,IT-NET05,4
Jev D. Corpuz,IT-NET05,1
Jodell R. Bulaclac,IT-IM02,2
Emilsa T. Bantug,IT-IM03,1
Michael E. Bensi,IT-IM03,1
Henry T. Roque,IT-IM04,2
Andrew Caezar A. Villegas,IT-WS03,1
Ronald S. Santos,IT-WS03,1
John Phillip M. Medina,IT-WS04,5
Angelito I. Cunanan Jr.,IT-WS05,4
Ralph Angelo M. Julaton,IT-WS05,1
